founded_date,fund_code,fund_name,fund_type,fund_company,raised_shares_100m,estimated_raised_amount_100m,source,method_note
20260624,026546,兴银裕兴90天持有债券A,债券型-混合二级,兴银基金管理,6.12,6.12,天天基金新成立基金 / AKShare,募集份额单位为亿份；按常见初始面值1元/份近似估算募集规模，非存续期每日净申购额
20260624,026547,兴银裕兴90天持有债券C,债券型-混合二级,兴银基金管理,6.12,6.12,天天基金新成立基金 / AKShare,募集份额单位为亿份；按常见初始面值1元/份近似估算募集规模，非存续期每日净申购额
20260624,027205,广发优势企业混合(QDII)A,QDII-混合偏股,广发基金,7.29,7.29,天天基金新成立基金 / AKShare,募集份额单位为亿份；按常见初始面值1元/份近似估算募集规模，非存续期每日净申购额
20260624,027206,广发优势企业混合(QDII)C,QDII-混合偏股,广发基金,7.29,7.29,天天基金新成立基金 / AKShare,募集份额单位为亿份；按常见初始面值1元/份近似估算募集规模，非存续期每日净申购额
20260624,027468,招商瑞启回报债券A,债券型-混合二级,招商基金,4.43,4.43,天天基金新成立基金 / AKShare,募集份额单位为亿份；按常见初始面值1元/份近似估算募集规模，非存续期每日净申购额
20260624,027469,招商瑞启回报债券C,债券型-混合二级,招商基金,4.43,4.43,天天基金新成立基金 / AKShare,募集份额单位为亿份；按常见初始面值1元/份近似估算募集规模，非存续期每日净申购额
20260624,027490,兴业港股通价值优选混合发起式A,混合型-偏股,兴业基金,0.14,0.14,天天基金新成立基金 / AKShare,募集份额单位为亿份；按常见初始面值1元/份近似估算募集规模，非存续期每日净申购额
20260624,027491,兴业港股通价值优选混合发起式C,混合型-偏股,兴业基金,0.14,0.14,天天基金新成立基金 / AKShare,募集份额单位为亿份；按常见初始面值1元/份近似估算募集规模，非存续期每日净申购额
20260624,027664,湘财新材料混合A,混合型-偏股,湘财基金,2.67,2.67,天天基金新成立基金 / AKShare,募集份额单位为亿份；按常见初始面值1元/份近似估算募集规模，非存续期每日净申购额
20260624,027665,湘财新材料混合C,混合型-偏股,湘财基金,2.67,2.67,天天基金新成立基金 / AKShare,募集份额单位为亿份；按常见初始面值1元/份近似估算募集规模，非存续期每日净申购额
20260624,027717,万家匠心领航混合发起式A,混合型-偏股,万家基金,1.16,1.16,天天基金新成立基金 / AKShare,募集份额单位为亿份；按常见初始面值1元/份近似估算募集规模，非存续期每日净申购额
20260624,027718,万家匠心领航混合发起式C,混合型-偏股,万家基金,1.16,1.16,天天基金新成立基金 / AKShare,募集份额单位为亿份；按常见初始面值1元/份近似估算募集规模，非存续期每日净申购额
20260624,027745,大成引领机遇混合A,混合型-偏股,大成基金,3.57,3.57,天天基金新成立基金 / AKShare,募集份额单位为亿份；按常见初始面值1元/份近似估算募集规模，非存续期每日净申购额
20260624,027746,大成引领机遇混合C,混合型-偏股,大成基金,3.57,3.57,天天基金新成立基金 / AKShare,募集份额单位为亿份；按常见初始面值1元/份近似估算募集规模，非存续期每日净申购额
20260625,027506,银华华瑞多元配置三个月持有期混合(FOF)A,FOF-稳健型,银华基金,3.89,3.89,天天基金新成立基金 / AKShare,募集份额单位为亿份；按常见初始面值1元/份近似估算募集规模，非存续期每日净申购额
20260625,027507,银华华瑞多元配置三个月持有期混合(FOF)C,FOF-稳健型,银华基金,3.89,3.89,天天基金新成立基金 / AKShare,募集份额单位为亿份；按常见初始面值1元/份近似估算募集规模，非存续期每日净申购额
20260625,027721,大成中证红利低波动100ETF发起式联接A,指数型-股票,大成基金,0.27,0.27,天天基金新成立基金 / AKShare,募集份额单位为亿份；按常见初始面值1元/份近似估算募集规模，非存续期每日净申购额
20260625,027722,大成中证红利低波动100ETF发起式联接C,指数型-股票,大成基金,0.27,0.27,天天基金新成立基金 / AKShare,募集份额单位为亿份；按常见初始面值1元/份近似估算募集规模，非存续期每日净申购额
20260626,027418,博时国证储能电池指数A,指数型-股票,博时基金,4.08,4.08,天天基金新成立基金 / AKShare,募集份额单位为亿份；按常见初始面值1元/份近似估算募集规模，非存续期每日净申购额
20260626,027419,博时国证储能电池指数C,指数型-股票,博时基金,4.08,4.08,天天基金新成立基金 / AKShare,募集份额单位为亿份；按常见初始面值1元/份近似估算募集规模，非存续期每日净申购额
20260626,027502,中银新材料混合发起A,混合型-偏股,中银基金,0.66,0.66,天天基金新成立基金 / AKShare,募集份额单位为亿份；按常见初始面值1元/份近似估算募集规模，非存续期每日净申购额
20260626,027503,中银新材料混合发起C,混合型-偏股,中银基金,0.66,0.66,天天基金新成立基金 / AKShare,募集份额单位为亿份；按常见初始面值1元/份近似估算募集规模，非存续期每日净申购额
20260626,027628,万家元和债券A,债券型-混合二级,万家基金,10.29,10.29,天天基金新成立基金 / AKShare,募集份额单位为亿份；按常见初始面值1元/份近似估算募集规模，非存续期每日净申购额
20260626,027629,万家元和债券C,债券型-混合二级,万家基金,10.29,10.29,天天基金新成立基金 / AKShare,募集份额单位为亿份；按常见初始面值1元/份近似估算募集规模，非存续期每日净申购额
20260629,027182,中加聚享长鑫债券A,债券型-混合二级,中加基金,2.47,2.47,天天基金新成立基金 / AKShare,募集份额单位为亿份；按常见初始面值1元/份近似估算募集规模，非存续期每日净申购额
20260629,027183,中加聚享长鑫债券C,债券型-混合二级,中加基金,2.47,2.47,天天基金新成立基金 / AKShare,募集份额单位为亿份；按常见初始面值1元/份近似估算募集规模，非存续期每日净申购额
20260629,027285,兴业中证全指指数增强A,指数型-股票,兴业基金,16.76,16.76,天天基金新成立基金 / AKShare,募集份额单位为亿份；按常见初始面值1元/份近似估算募集规模，非存续期每日净申购额
20260629,027286,兴业中证全指指数增强C,指数型-股票,兴业基金,16.76,16.76,天天基金新成立基金 / AKShare,募集份额单位为亿份；按常见初始面值1元/份近似估算募集规模，非存续期每日净申购额
20260629,027454,中欧中证科创创业50指数A,指数型-股票,中欧基金,6.15,6.15,天天基金新成立基金 / AKShare,募集份额单位为亿份；按常见初始面值1元/份近似估算募集规模，非存续期每日净申购额
20260629,027455,中欧中证科创创业50指数C,指数型-股票,中欧基金,6.15,6.15,天天基金新成立基金 / AKShare,募集份额单位为亿份；按常见初始面值1元/份近似估算募集规模，非存续期每日净申购额
20260629,027602,华泰柏瑞恒生生物科技ETF发起式联接A,指数型-股票,华泰柏瑞基金,0.16,0.16,天天基金新成立基金 / AKShare,募集份额单位为亿份；按常见初始面值1元/份近似估算募集规模，非存续期每日净申购额
20260629,027603,华泰柏瑞恒生生物科技ETF发起式联接C,指数型-股票,华泰柏瑞基金,0.16,0.16,天天基金新成立基金 / AKShare,募集份额单位为亿份；按常见初始面值1元/份近似估算募集规模，非存续期每日净申购额
20260629,027675,国泰上证科创板50成份ETF发起联接A,指数型-股票,国泰基金,47.76,47.76,天天基金新成立基金 / AKShare,募集份额单位为亿份；按常见初始面值1元/份近似估算募集规模，非存续期每日净申购额
20260629,027676,国泰上证科创板50成份ETF发起联接C,指数型-股票,国泰基金,47.76,47.76,天天基金新成立基金 / AKShare,募集份额单位为亿份；按常见初始面值1元/份近似估算募集规模，非存续期每日净申购额
20260630,019010,泰康致远量化选股股票发起A,股票型,泰康基金,0.5,0.5,天天基金新成立基金 / AKShare,募集份额单位为亿份；按常见初始面值1元/份近似估算募集规模，非存续期每日净申购额
20260630,019011,泰康致远量化选股股票发起C,股票型,泰康基金,0.5,0.5,天天基金新成立基金 / AKShare,募集份额单位为亿份；按常见初始面值1元/份近似估算募集规模，非存续期每日净申购额
20260630,026399,天弘安泰六个月持有期债券A,债券型-混合一级,天弘基金,2.46,2.46,天天基金新成立基金 / AKShare,募集份额单位为亿份；按常见初始面值1元/份近似估算募集规模，非存续期每日净申购额
20260630,026400,天弘安泰六个月持有期债券C,债券型-混合一级,天弘基金,2.46,2.46,天天基金新成立基金 / AKShare,募集份额单位为亿份；按常见初始面值1元/份近似估算募集规模，非存续期每日净申购额
20260630,027536,长城上证科创板芯片设计指数发起A,指数型-股票,长城基金,2.49,2.49,天天基金新成立基金 / AKShare,募集份额单位为亿份；按常见初始面值1元/份近似估算募集规模，非存续期每日净申购额
20260630,027537,长城上证科创板芯片设计指数发起C,指数型-股票,长城基金,2.49,2.49,天天基金新成立基金 / AKShare,募集份额单位为亿份；按常见初始面值1元/份近似估算募集规模，非存续期每日净申购额
20260630,027596,景顺长城中证有色金属矿业主题ETF联接A,指数型-股票,景顺长城基金,1.08,1.08,天天基金新成立基金 / AKShare,募集份额单位为亿份；按常见初始面值1元/份近似估算募集规模，非存续期每日净申购额
20260630,027597,景顺长城中证有色金属矿业主题ETF联接C,指数型-股票,景顺长城基金,1.08,1.08,天天基金新成立基金 / AKShare,募集份额单位为亿份；按常见初始面值1元/份近似估算募集规模，非存续期每日净申购额
20260630,027623,上银成长精选股票发起式C,股票型,上银基金,0.36,0.36,天天基金新成立基金 / AKShare,募集份额单位为亿份；按常见初始面值1元/份近似估算募集规模，非存续期每日净申购额
20260630,027802,工银添裕债券A,债券型-混合二级,工银瑞信基金,2.37,2.37,天天基金新成立基金 / AKShare,募集份额单位为亿份；按常见初始面值1元/份近似估算募集规模，非存续期每日净申购额
20260630,027803,工银添裕债券C,债券型-混合二级,工银瑞信基金,2.37,2.37,天天基金新成立基金 / AKShare,募集份额单位为亿份；按常见初始面值1元/份近似估算募集规模，非存续期每日净申购额
20260701,027547,东方红智弘价值混合发起A,混合型-偏股,东方红资产管,0.12,0.12,天天基金新成立基金 / AKShare,募集份额单位为亿份；按常见初始面值1元/份近似估算募集规模，非存续期每日净申购额
20260701,027548,东方红智弘价值混合发起C,混合型-偏股,东方红资产管,0.12,0.12,天天基金新成立基金 / AKShare,募集份额单位为亿份；按常见初始面值1元/份近似估算募集规模，非存续期每日净申购额
20260702,027055,兴业北证50成份指数A,指数型-股票,兴业基金,0.8,0.8,天天基金新成立基金 / AKShare,募集份额单位为亿份；按常见初始面值1元/份近似估算募集规模，非存续期每日净申购额
20260702,027056,兴业北证50成份指数C,指数型-股票,兴业基金,0.8,0.8,天天基金新成立基金 / AKShare,募集份额单位为亿份；按常见初始面值1元/份近似估算募集规模，非存续期每日净申购额
20260702,027694,华夏中证电池主题ETF发起式联接A,指数型-股票,华夏基金,1.11,1.11,天天基金新成立基金 / AKShare,募集份额单位为亿份；按常见初始面值1元/份近似估算募集规模，非存续期每日净申购额
20260702,027695,华夏中证电池主题ETF发起式联接C,指数型-股票,华夏基金,1.11,1.11,天天基金新成立基金 / AKShare,募集份额单位为亿份；按常见初始面值1元/份近似估算募集规模，非存续期每日净申购额
20260703,028270,南方中证REITs全收益指数A,指数型-其他,南方基金,2.99,2.99,天天基金新成立基金 / AKShare,募集份额单位为亿份；按常见初始面值1元/份近似估算募集规模，非存续期每日净申购额
20260703,028271,南方中证REITs全收益指数C,指数型-其他,南方基金,2.99,2.99,天天基金新成立基金 / AKShare,募集份额单位为亿份；按常见初始面值1元/份近似估算募集规模，非存续期每日净申购额
20260707,026954,华夏中证全指食品ETF联接A,指数型-股票,华夏基金,3.36,3.36,天天基金新成立基金 / AKShare,募集份额单位为亿份；按常见初始面值1元/份近似估算募集规模，非存续期每日净申购额
20260707,026955,华夏中证全指食品ETF联接C,指数型-股票,华夏基金,3.36,3.36,天天基金新成立基金 / AKShare,募集份额单位为亿份；按常见初始面值1元/份近似估算募集规模，非存续期每日净申购额
20260707,027542,富国中证工业有色金属主题ETF发起式联接A,指数型-股票,富国基金,1.67,1.67,天天基金新成立基金 / AKShare,募集份额单位为亿份；按常见初始面值1元/份近似估算募集规模，非存续期每日净申购额
20260707,027543,富国中证工业有色金属主题ETF发起式联接C,指数型-股票,富国基金,1.67,1.67,天天基金新成立基金 / AKShare,募集份额单位为亿份；按常见初始面值1元/份近似估算募集规模，非存续期每日净申购额
20260707,027610,富国中证工程机械主题ETF发起式联接A,指数型-股票,富国基金,0.33,0.33,天天基金新成立基金 / AKShare,募集份额单位为亿份；按常见初始面值1元/份近似估算募集规模，非存续期每日净申购额
20260707,027611,富国中证工程机械主题ETF发起式联接C,指数型-股票,富国基金,0.33,0.33,天天基金新成立基金 / AKShare,募集份额单位为亿份；按常见初始面值1元/份近似估算募集规模，非存续期每日净申购额
20260707,027723,国富北证50成份指数发起式A,指数型-股票,国海富兰克林,4.99,4.99,天天基金新成立基金 / AKShare,募集份额单位为亿份；按常见初始面值1元/份近似估算募集规模，非存续期每日净申购额
20260707,027724,国富北证50成份指数发起式C,指数型-股票,国海富兰克林,4.99,4.99,天天基金新成立基金 / AKShare,募集份额单位为亿份；按常见初始面值1元/份近似估算募集规模，非存续期每日净申购额
20260707,027795,华泰柏瑞中证全指证券公司ETF发起式联接A,指数型-股票,华泰柏瑞基金,0.2,0.2,天天基金新成立基金 / AKShare,募集份额单位为亿份；按常见初始面值1元/份近似估算募集规模，非存续期每日净申购额
20260707,027796,华泰柏瑞中证全指证券公司ETF发起式联接C,指数型-股票,华泰柏瑞基金,0.2,0.2,天天基金新成立基金 / AKShare,募集份额单位为亿份；按常见初始面值1元/份近似估算募集规模，非存续期每日净申购额
20260707,027992,前海开源恒生港股通科技主题ETF发起式联接A,指数型-股票,前海开源基金,0.2,0.2,天天基金新成立基金 / AKShare,募集份额单位为亿份；按常见初始面值1元/份近似估算募集规模，非存续期每日净申购额
20260707,027993,前海开源恒生港股通科技主题ETF发起式联接C,指数型-股票,前海开源基金,0.2,0.2,天天基金新成立基金 / AKShare,募集份额单位为亿份；按常见初始面值1元/份近似估算募集规模，非存续期每日净申购额
20260708,027673,上银丰荣混合发起式A,混合型-偏债,上银基金,0.27,0.27,天天基金新成立基金 / AKShare,募集份额单位为亿份；按常见初始面值1元/份近似估算募集规模，非存续期每日净申购额
20260708,027674,上银丰荣混合发起式C,混合型-偏债,上银基金,0.27,0.27,天天基金新成立基金 / AKShare,募集份额单位为亿份；按常见初始面值1元/份近似估算募集规模，非存续期每日净申购额
20260708,028251,易方达中证REITs全收益指数A,指数型-其他,易方达基金,3.0,3.0,天天基金新成立基金 / AKShare,募集份额单位为亿份；按常见初始面值1元/份近似估算募集规模，非存续期每日净申购额
20260708,028252,易方达中证REITs全收益指数C,指数型-其他,易方达基金,3.0,3.0,天天基金新成立基金 / AKShare,募集份额单位为亿份；按常见初始面值1元/份近似估算募集规模，非存续期每日净申购额
20260708,028277,华夏中证REITs全收益指数A,指数型-其他,华夏基金,2.97,2.97,天天基金新成立基金 / AKShare,募集份额单位为亿份；按常见初始面值1元/份近似估算募集规模，非存续期每日净申购额
20260708,028278,华夏中证REITs全收益指数C,指数型-其他,华夏基金,2.97,2.97,天天基金新成立基金 / AKShare,募集份额单位为亿份；按常见初始面值1元/份近似估算募集规模，非存续期每日净申购额
20260709,028272,中金中证REITs全收益指数A,指数型-其他,中金基金,3.0,3.0,天天基金新成立基金 / AKShare,募集份额单位为亿份；按常见初始面值1元/份近似估算募集规模，非存续期每日净申购额
20260709,028273,中金中证REITs全收益指数C,指数型-其他,中金基金,3.0,3.0,天天基金新成立基金 / AKShare,募集份额单位为亿份；按常见初始面值1元/份近似估算募集规模，非存续期每日净申购额
20260710,027905,万家资源主题混合发起式A,混合型-偏股,万家基金,0.1,0.1,天天基金新成立基金 / AKShare,募集份额单位为亿份；按常见初始面值1元/份近似估算募集规模，非存续期每日净申购额
20260710,027906,万家资源主题混合发起式C,混合型-偏股,万家基金,0.1,0.1,天天基金新成立基金 / AKShare,募集份额单位为亿份；按常见初始面值1元/份近似估算募集规模，非存续期每日净申购额
20260714,027254,兴全沪深300质量ETF联接A,指数型-股票,兴证全球基金,2.3,2.3,天天基金新成立基金 / AKShare,募集份额单位为亿份；按常见初始面值1元/份近似估算募集规模，非存续期每日净申购额
20260714,027255,兴全沪深300质量ETF联接C,指数型-股票,兴证全球基金,2.3,2.3,天天基金新成立基金 / AKShare,募集份额单位为亿份；按常见初始面值1元/份近似估算募集规模，非存续期每日净申购额
20260714,027808,富国智稳6个月持有期混合(FOF)A,FOF-稳健型,富国基金,2.89,2.89,天天基金新成立基金 / AKShare,募集份额单位为亿份；按常见初始面值1元/份近似估算募集规模，非存续期每日净申购额
20260714,027809,富国智稳6个月持有期混合(FOF)C,FOF-稳健型,富国基金,2.89,2.89,天天基金新成立基金 / AKShare,募集份额单位为亿份；按常见初始面值1元/份近似估算募集规模，非存续期每日净申购额
20260715,027838,东财汇裕嘉选债券A,债券型-混合二级,东财基金,2.03,2.03,天天基金新成立基金 / AKShare,募集份额单位为亿份；按常见初始面值1元/份近似估算募集规模，非存续期每日净申购额
20260715,027839,东财汇裕嘉选债券C,债券型-混合二级,东财基金,2.03,2.03,天天基金新成立基金 / AKShare,募集份额单位为亿份；按常见初始面值1元/份近似估算募集规模，非存续期每日净申购额
20260716,026935,大成国证价值100指数A,指数型-股票,大成基金,3.93,3.93,天天基金新成立基金 / AKShare,募集份额单位为亿份；按常见初始面值1元/份近似估算募集规模，非存续期每日净申购额
20260716,026936,大成国证价值100指数C,指数型-股票,大成基金,3.93,3.93,天天基金新成立基金 / AKShare,募集份额单位为亿份；按常见初始面值1元/份近似估算募集规模，非存续期每日净申购额
20260717,027410,国泰恒生生物科技ETF发起联接A,指数型-股票,国泰基金,0.57,0.57,天天基金新成立基金 / AKShare,募集份额单位为亿份；按常见初始面值1元/份近似估算募集规模，非存续期每日净申购额
20260717,027411,国泰恒生生物科技ETF发起联接C,指数型-股票,国泰基金,0.57,0.57,天天基金新成立基金 / AKShare,募集份额单位为亿份；按常见初始面值1元/份近似估算募集规模，非存续期每日净申购额
20260720,027890,摩根中证科创创业人工智能ETF发起式联接A,指数型-股票,摩根基金(中,2.79,2.79,天天基金新成立基金 / AKShare,募集份额单位为亿份；按常见初始面值1元/份近似估算募集规模，非存续期每日净申购额
20260720,027891,摩根中证科创创业人工智能ETF发起式联接C,指数型-股票,摩根基金(中,2.79,2.79,天天基金新成立基金 / AKShare,募集份额单位为亿份；按常见初始面值1元/份近似估算募集规模，非存续期每日净申购额
20260721,027373,兴业恒生生物科技指数发起式A,指数型-股票,兴业基金,1.04,1.04,天天基金新成立基金 / AKShare,募集份额单位为亿份；按常见初始面值1元/份近似估算募集规模，非存续期每日净申购额
20260721,027374,兴业恒生生物科技指数发起式C,指数型-股票,兴业基金,1.04,1.04,天天基金新成立基金 / AKShare,募集份额单位为亿份；按常见初始面值1元/份近似估算募集规模，非存续期每日净申购额
20260721,027482,工银盈瑞稳健6个月持有混合(FOF)A,FOF-稳健型,工银瑞信基金,7.27,7.27,天天基金新成立基金 / AKShare,募集份额单位为亿份；按常见初始面值1元/份近似估算募集规模，非存续期每日净申购额
20260721,027483,工银盈瑞稳健6个月持有混合(FOF)C,FOF-稳健型,工银瑞信基金,7.27,7.27,天天基金新成立基金 / AKShare,募集份额单位为亿份；按常见初始面值1元/份近似估算募集规模，非存续期每日净申购额
20260721,027532,兴业中证细分有色金属产业主题指数发起式A,指数型-股票,兴业基金,1.11,1.11,天天基金新成立基金 / AKShare,募集份额单位为亿份；按常见初始面值1元/份近似估算募集规模，非存续期每日净申购额
20260721,027533,兴业中证细分有色金属产业主题指数发起式C,指数型-股票,兴业基金,1.11,1.11,天天基金新成立基金 / AKShare,募集份额单位为亿份；按常见初始面值1元/份近似估算募集规模，非存续期每日净申购额
20260721,027551,银华标普港股通低波红利ETF联接A,指数型-股票,银华基金,2.63,2.63,天天基金新成立基金 / AKShare,募集份额单位为亿份；按常见初始面值1元/份近似估算募集规模，非存续期每日净申购额
20260721,027552,银华标普港股通低波红利ETF联接C,指数型-股票,银华基金,2.63,2.63,天天基金新成立基金 / AKShare,募集份额单位为亿份；按常见初始面值1元/份近似估算募集规模，非存续期每日净申购额
20260721,027582,兴业周期睿选混合发起式A,混合型-偏股,兴业基金,2.73,2.73,天天基金新成立基金 / AKShare,募集份额单位为亿份；按常见初始面值1元/份近似估算募集规模，非存续期每日净申购额
20260721,027583,兴业周期睿选混合发起式C,混合型-偏股,兴业基金,2.73,2.73,天天基金新成立基金 / AKShare,募集份额单位为亿份；按常见初始面值1元/份近似估算募集规模，非存续期每日净申购额
20260721,027634,苏新苏悦债券A,债券型-混合二级,苏新基金,3.59,3.59,天天基金新成立基金 / AKShare,募集份额单位为亿份；按常见初始面值1元/份近似估算募集规模，非存续期每日净申购额
20260721,027635,苏新苏悦债券C,债券型-混合二级,苏新基金,3.59,3.59,天天基金新成立基金 / AKShare,募集份额单位为亿份；按常见初始面值1元/份近似估算募集规模，非存续期每日净申购额
20260721,027739,中欧恒益稳健180天混合A,混合型-偏债,中欧基金,4.27,4.27,天天基金新成立基金 / AKShare,募集份额单位为亿份；按常见初始面值1元/份近似估算募集规模，非存续期每日净申购额
20260721,027740,中欧恒益稳健180天混合C,混合型-偏债,中欧基金,4.27,4.27,天天基金新成立基金 / AKShare,募集份额单位为亿份；按常见初始面值1元/份近似估算募集规模，非存续期每日净申购额
20260721,027810,光大保德信中证科创创业人工智能指数A,指数型-股票,光大保德信基,15.02,15.02,天天基金新成立基金 / AKShare,募集份额单位为亿份；按常见初始面值1元/份近似估算募集规模，非存续期每日净申购额
20260721,027811,光大保德信中证科创创业人工智能指数C,指数型-股票,光大保德信基,15.02,15.02,天天基金新成立基金 / AKShare,募集份额单位为亿份；按常见初始面值1元/份近似估算募集规模，非存续期每日净申购额
20260721,027977,万家中证金融科技主题指数A,指数型-股票,万家基金,8.73,8.73,天天基金新成立基金 / AKShare,募集份额单位为亿份；按常见初始面值1元/份近似估算募集规模，非存续期每日净申购额
20260721,027978,万家中证金融科技主题指数C,指数型-股票,万家基金,8.73,8.73,天天基金新成立基金 / AKShare,募集份额单位为亿份；按常见初始面值1元/份近似估算募集规模，非存续期每日净申购额
20260721,027987,嘉实中证800指数增强A,指数型-股票,嘉实基金,4.63,4.63,天天基金新成立基金 / AKShare,募集份额单位为亿份；按常见初始面值1元/份近似估算募集规模，非存续期每日净申购额
20260721,027988,嘉实中证800指数增强C,指数型-股票,嘉实基金,4.63,4.63,天天基金新成立基金 / AKShare,募集份额单位为亿份；按常见初始面值1元/份近似估算募集规模，非存续期每日净申购额
20260721,028090,天弘国证航天航空行业ETF发起联接A,指数型-股票,天弘基金,0.86,0.86,天天基金新成立基金 / AKShare,募集份额单位为亿份；按常见初始面值1元/份近似估算募集规模，非存续期每日净申购额
20260721,028091,天弘国证航天航空行业ETF发起联接C,指数型-股票,天弘基金,0.86,0.86,天天基金新成立基金 / AKShare,募集份额单位为亿份；按常见初始面值1元/份近似估算募集规模，非存续期每日净申购额
20260721,028231,长城资源精选混合发起A,混合型-偏股,长城基金,0.34,0.34,天天基金新成立基金 / AKShare,募集份额单位为亿份；按常见初始面值1元/份近似估算募集规模，非存续期每日净申购额
20260721,028232,长城资源精选混合发起C,混合型-偏股,长城基金,0.34,0.34,天天基金新成立基金 / AKShare,募集份额单位为亿份；按常见初始面值1元/份近似估算募集规模，非存续期每日净申购额
20260721,028433,南方荣信稳健添利债券A,债券型-混合二级,南方基金,3.04,3.04,天天基金新成立基金 / AKShare,募集份额单位为亿份；按常见初始面值1元/份近似估算募集规模，非存续期每日净申购额
20260721,028434,南方荣信稳健添利债券C,债券型-混合二级,南方基金,3.04,3.04,天天基金新成立基金 / AKShare,募集份额单位为亿份；按常见初始面值1元/份近似估算募集规模，非存续期每日净申购额
20260722,028326,平安添颐债券A,债券型-混合二级,平安基金,2.2,2.2,天天基金新成立基金 / AKShare,募集份额单位为亿份；按常见初始面值1元/份近似估算募集规模，非存续期每日净申购额
20260722,028327,平安添颐债券C,债券型-混合二级,平安基金,2.2,2.2,天天基金新成立基金 / AKShare,募集份额单位为亿份；按常见初始面值1元/份近似估算募集规模，非存续期每日净申购额
20260723,027883,农银瑞盈债券A,债券型-混合二级,农银汇理基金,10.75,10.75,天天基金新成立基金 / AKShare,募集份额单位为亿份；按常见初始面值1元/份近似估算募集规模，非存续期每日净申购额
20260723,027884,农银瑞盈债券C,债券型-混合二级,农银汇理基金,10.75,10.75,天天基金新成立基金 / AKShare,募集份额单位为亿份；按常见初始面值1元/份近似估算募集规模，非存续期每日净申购额
20260724,028370,华夏上证综合ETF发起式联接A,指数型-股票,华夏基金,0.12,0.12,天天基金新成立基金 / AKShare,募集份额单位为亿份；按常见初始面值1元/份近似估算募集规模，非存续期每日净申购额
20260724,028371,华夏上证综合ETF发起式联接C,指数型-股票,华夏基金,0.12,0.12,天天基金新成立基金 / AKShare,募集份额单位为亿份；按常见初始面值1元/份近似估算募集规模，非存续期每日净申购额
20260727,027059,浙商汇金通利增强债券A,债券型-混合二级,浙商证券资管,2.07,2.07,天天基金新成立基金 / AKShare,募集份额单位为亿份；按常见初始面值1元/份近似估算募集规模，非存续期每日净申购额
20260727,027060,浙商汇金通利增强债券C,债券型-混合二级,浙商证券资管,2.07,2.07,天天基金新成立基金 / AKShare,募集份额单位为亿份；按常见初始面值1元/份近似估算募集规模，非存续期每日净申购额
20260728,026426,长江60天持有债券A,债券型-中短债,长江证券(上,5.29,5.29,天天基金新成立基金 / AKShare,募集份额单位为亿份；按常见初始面值1元/份近似估算募集规模，非存续期每日净申购额
20260728,026427,长江60天持有债券C,债券型-中短债,长江证券(上,5.29,5.29,天天基金新成立基金 / AKShare,募集份额单位为亿份；按常见初始面值1元/份近似估算募集规模，非存续期每日净申购额
20260728,026566,德邦新添益债券A,债券型-混合二级,德邦基金,6.17,6.17,天天基金新成立基金 / AKShare,募集份额单位为亿份；按常见初始面值1元/份近似估算募集规模，非存续期每日净申购额
20260728,026567,德邦新添益债券C,债券型-混合二级,德邦基金,6.17,6.17,天天基金新成立基金 / AKShare,募集份额单位为亿份；按常见初始面值1元/份近似估算募集规模，非存续期每日净申购额
20260728,027283,招商中证家电龙头指数发起式A,指数型-股票,招商基金,0.11,0.11,天天基金新成立基金 / AKShare,募集份额单位为亿份；按常见初始面值1元/份近似估算募集规模，非存续期每日净申购额
20260728,027284,招商中证家电龙头指数发起式C,指数型-股票,招商基金,0.11,0.11,天天基金新成立基金 / AKShare,募集份额单位为亿份；按常见初始面值1元/份近似估算募集规模，非存续期每日净申购额
20260728,027291,易方达上证综合ETF联接A,指数型-股票,易方达基金,7.06,7.06,天天基金新成立基金 / AKShare,募集份额单位为亿份；按常见初始面值1元/份近似估算募集规模，非存续期每日净申购额
20260728,027292,易方达上证综合ETF联接C,指数型-股票,易方达基金,7.06,7.06,天天基金新成立基金 / AKShare,募集份额单位为亿份；按常见初始面值1元/份近似估算募集规模，非存续期每日净申购额
20260728,027355,天弘恒生生物科技指数A,指数型-股票,天弘基金,3.2,3.2,天天基金新成立基金 / AKShare,募集份额单位为亿份；按常见初始面值1元/份近似估算募集规模，非存续期每日净申购额
20260728,027356,天弘恒生生物科技指数C,指数型-股票,天弘基金,3.2,3.2,天天基金新成立基金 / AKShare,募集份额单位为亿份；按常见初始面值1元/份近似估算募集规模，非存续期每日净申购额
20260728,027514,国联北证50成份指数增强A,指数型-股票,国联基金,2.1,2.1,天天基金新成立基金 / AKShare,募集份额单位为亿份；按常见初始面值1元/份近似估算募集规模，非存续期每日净申购额
20260728,027515,国联北证50成份指数增强C,指数型-股票,国联基金,2.1,2.1,天天基金新成立基金 / AKShare,募集份额单位为亿份；按常见初始面值1元/份近似估算募集规模，非存续期每日净申购额
20260728,027715,西部利得裕兴回报债券A,债券型-混合二级,西部利得基金,8.79,8.79,天天基金新成立基金 / AKShare,募集份额单位为亿份；按常见初始面值1元/份近似估算募集规模，非存续期每日净申购额
20260728,027716,西部利得裕兴回报债券C,债券型-混合二级,西部利得基金,8.79,8.79,天天基金新成立基金 / AKShare,募集份额单位为亿份；按常见初始面值1元/份近似估算募集规模，非存续期每日净申购额
20260728,027848,招商瑞华回报6个月持有期混合A,混合型-偏债,招商基金,3.08,3.08,天天基金新成立基金 / AKShare,募集份额单位为亿份；按常见初始面值1元/份近似估算募集规模，非存续期每日净申购额
20260728,027849,招商瑞华回报6个月持有期混合C,混合型-偏债,招商基金,3.08,3.08,天天基金新成立基金 / AKShare,募集份额单位为亿份；按常见初始面值1元/份近似估算募集规模，非存续期每日净申购额
20260728,027858,易方达国证成长100ETF联接发起式A,指数型-股票,易方达基金,0.38,0.38,天天基金新成立基金 / AKShare,募集份额单位为亿份；按常见初始面值1元/份近似估算募集规模，非存续期每日净申购额
20260728,027859,易方达国证成长100ETF联接发起式C,指数型-股票,易方达基金,0.38,0.38,天天基金新成立基金 / AKShare,募集份额单位为亿份；按常见初始面值1元/份近似估算募集规模，非存续期每日净申购额
20260729,028374,泰信资源睿选混合发起式A,混合型-偏股,泰信基金,0.21,0.21,天天基金新成立基金 / AKShare,募集份额单位为亿份；按常见初始面值1元/份近似估算募集规模，非存续期每日净申购额
20260729,028375,泰信资源睿选混合发起式C,混合型-偏股,泰信基金,0.21,0.21,天天基金新成立基金 / AKShare,募集份额单位为亿份；按常见初始面值1元/份近似估算募集规模，非存续期每日净申购额
20260730,027626,英大智益债券A,债券型-混合二级,英大基金,3.15,3.15,天天基金新成立基金 / AKShare,募集份额单位为亿份；按常见初始面值1元/份近似估算募集规模，非存续期每日净申购额
20260730,027627,英大智益债券C,债券型-混合二级,英大基金,3.15,3.15,天天基金新成立基金 / AKShare,募集份额单位为亿份；按常见初始面值1元/份近似估算募集规模，非存续期每日净申购额
20260730,028551,招商国证粮食产业指数发起式A,指数型-股票,招商基金,0.1,0.1,天天基金新成立基金 / AKShare,募集份额单位为亿份；按常见初始面值1元/份近似估算募集规模，非存续期每日净申购额
20260730,028552,招商国证粮食产业指数发起式C,指数型-股票,招商基金,0.1,0.1,天天基金新成立基金 / AKShare,募集份额单位为亿份；按常见初始面值1元/份近似估算募集规模，非存续期每日净申购额
20260731,027149,平安周期精选混合发起式A,混合型-偏股,平安基金,0.38,0.38,天天基金新成立基金 / AKShare,募集份额单位为亿份；按常见初始面值1元/份近似估算募集规模，非存续期每日净申购额
20260731,027150,平安周期精选混合发起式C,混合型-偏股,平安基金,0.38,0.38,天天基金新成立基金 / AKShare,募集份额单位为亿份；按常见初始面值1元/份近似估算募集规模，非存续期每日净申购额
20260803,016435,泰信新能源锐选混合发起式A,混合型-偏股,泰信基金,0.18,0.18,天天基金新成立基金 / AKShare,募集份额单位为亿份；按常见初始面值1元/份近似估算募集规模，非存续期每日净申购额
20260803,016436,泰信新能源锐选混合发起式C,混合型-偏股,泰信基金,0.18,0.18,天天基金新成立基金 / AKShare,募集份额单位为亿份；按常见初始面值1元/份近似估算募集规模，非存续期每日净申购额
20260804,026984,京管泰富京享混合A,混合型-偏债,北京京管泰富,2.12,2.12,天天基金新成立基金 / AKShare,募集份额单位为亿份；按常见初始面值1元/份近似估算募集规模，非存续期每日净申购额
20260804,026985,京管泰富京享混合C,混合型-偏债,北京京管泰富,2.12,2.12,天天基金新成立基金 / AKShare,募集份额单位为亿份；按常见初始面值1元/份近似估算募集规模，非存续期每日净申购额
20260804,027026,华安中证电池主题指数A,指数型-股票,华安基金,2.53,2.53,天天基金新成立基金 / AKShare,募集份额单位为亿份；按常见初始面值1元/份近似估算募集规模，非存续期每日净申购额
20260804,027027,华安中证电池主题指数C,指数型-股票,华安基金,2.53,2.53,天天基金新成立基金 / AKShare,募集份额单位为亿份；按常见初始面值1元/份近似估算募集规模，非存续期每日净申购额
20260804,027203,兴业创新驱动混合发起式A,混合型-偏股,兴业基金,0.44,0.44,天天基金新成立基金 / AKShare,募集份额单位为亿份；按常见初始面值1元/份近似估算募集规模，非存续期每日净申购额
20260804,027204,兴业创新驱动混合发起式C,混合型-偏股,兴业基金,0.44,0.44,天天基金新成立基金 / AKShare,募集份额单位为亿份；按常见初始面值1元/份近似估算募集规模，非存续期每日净申购额
20260804,027606,易方达科创板芯片设计ETF联接A,指数型-股票,易方达基金,6.27,6.27,天天基金新成立基金 / AKShare,募集份额单位为亿份；按常见初始面值1元/份近似估算募集规模，非存续期每日净申购额
20260804,027607,易方达科创板芯片设计ETF联接C,指数型-股票,易方达基金,6.27,6.27,天天基金新成立基金 / AKShare,募集份额单位为亿份；按常见初始面值1元/份近似估算募集规模，非存续期每日净申购额
20260804,027747,易方达中证全指红利质量ETF联接发起式A,指数型-股票,易方达基金,1.04,1.04,天天基金新成立基金 / AKShare,募集份额单位为亿份；按常见初始面值1元/份近似估算募集规模，非存续期每日净申购额
20260804,027748,易方达中证全指红利质量ETF联接发起式C,指数型-股票,易方达基金,1.04,1.04,天天基金新成立基金 / AKShare,募集份额单位为亿份；按常见初始面值1元/份近似估算募集规模，非存续期每日净申购额
20260804,027782,宝盈中证工业有色金属主题指数发起式A,指数型-股票,宝盈基金,0.46,0.46,天天基金新成立基金 / AKShare,募集份额单位为亿份；按常见初始面值1元/份近似估算募集规模，非存续期每日净申购额
20260804,027783,宝盈中证工业有色金属主题指数发起式C,指数型-股票,宝盈基金,0.46,0.46,天天基金新成立基金 / AKShare,募集份额单位为亿份；按常见初始面值1元/份近似估算募集规模，非存续期每日净申购额
20260804,027797,华夏优享回报混合A,混合型-偏股,华夏基金,2.36,2.36,天天基金新成立基金 / AKShare,募集份额单位为亿份；按常见初始面值1元/份近似估算募集规模，非存续期每日净申购额
20260804,027798,华夏优享回报混合C,混合型-偏股,华夏基金,2.36,2.36,天天基金新成立基金 / AKShare,募集份额单位为亿份；按常见初始面值1元/份近似估算募集规模，非存续期每日净申购额
20260804,027872,中航祥益债券A,债券型-混合二级,中航基金,2.35,2.35,天天基金新成立基金 / AKShare,募集份额单位为亿份；按常见初始面值1元/份近似估算募集规模，非存续期每日净申购额
20260804,027873,中航祥益债券C,债券型-混合二级,中航基金,2.35,2.35,天天基金新成立基金 / AKShare,募集份额单位为亿份；按常见初始面值1元/份近似估算募集规模，非存续期每日净申购额
20260804,028381,华夏创业板软件ETF发起式联接A,指数型-股票,华夏基金,0.2,0.2,天天基金新成立基金 / AKShare,募集份额单位为亿份；按常见初始面值1元/份近似估算募集规模，非存续期每日净申购额
20260804,028382,华夏创业板软件ETF发起式联接C,指数型-股票,华夏基金,0.2,0.2,天天基金新成立基金 / AKShare,募集份额单位为亿份；按常见初始面值1元/份近似估算募集规模，非存续期每日净申购额
20260804,028389,汇添富中证全指电力公用事业ETF发起式联接A,指数型-股票,汇添富基金,0.19,0.19,天天基金新成立基金 / AKShare,募集份额单位为亿份；按常见初始面值1元/份近似估算募集规模，非存续期每日净申购额
20260804,028390,汇添富中证全指电力公用事业ETF发起式联接C,指数型-股票,汇添富基金,0.19,0.19,天天基金新成立基金 / AKShare,募集份额单位为亿份；按常见初始面值1元/份近似估算募集规模，非存续期每日净申购额
20260805,027648,国融添瑞债券A,债券型-混合二级,国融基金,2.4,2.4,天天基金新成立基金 / AKShare,募集份额单位为亿份；按常见初始面值1元/份近似估算募集规模，非存续期每日净申购额
20260805,027649,国融添瑞债券C,债券型-混合二级,国融基金,2.4,2.4,天天基金新成立基金 / AKShare,募集份额单位为亿份；按常见初始面值1元/份近似估算募集规模，非存续期每日净申购额
20260806,028404,富国中证金融科技主题ETF发起式联接A,指数型-股票,富国基金,0.28,0.28,天天基金新成立基金 / AKShare,募集份额单位为亿份；按常见初始面值1元/份近似估算募集规模，非存续期每日净申购额
20260806,028405,富国中证金融科技主题ETF发起式联接C,指数型-股票,富国基金,0.28,0.28,天天基金新成立基金 / AKShare,募集份额单位为亿份；按常见初始面值1元/份近似估算募集规模，非存续期每日净申购额
20260810,027221,长城均衡回报混合发起A,混合型-偏股,长城基金,1.69,1.69,天天基金新成立基金 / AKShare,募集份额单位为亿份；按常见初始面值1元/份近似估算募集规模，非存续期每日净申购额
20260810,027222,长城均衡回报混合发起C,混合型-偏股,长城基金,1.69,1.69,天天基金新成立基金 / AKShare,募集份额单位为亿份；按常见初始面值1元/份近似估算募集规模，非存续期每日净申购额
20260810,028041,宏利港股数字经济混合发起(QDII)A,QDII-混合偏股,宏利基金,0.19,0.19,天天基金新成立基金 / AKShare,募集份额单位为亿份；按常见初始面值1元/份近似估算募集规模，非存续期每日净申购额
20260810,028042,宏利港股数字经济混合发起(QDII)C,QDII-混合偏股,宏利基金,0.19,0.19,天天基金新成立基金 / AKShare,募集份额单位为亿份；按常见初始面值1元/份近似估算募集规模，非存续期每日净申购额
20260811,027442,东方红中证价值领先指数A,指数型-股票,东方红资产管,2.95,2.95,天天基金新成立基金 / AKShare,募集份额单位为亿份；按常见初始面值1元/份近似估算募集规模，非存续期每日净申购额
20260811,027443,东方红中证价值领先指数C,指数型-股票,东方红资产管,2.95,2.95,天天基金新成立基金 / AKShare,募集份额单位为亿份；按常见初始面值1元/份近似估算募集规模，非存续期每日净申购额
20260811,027713,华宝质量量化选股混合A,混合型-偏股,华宝基金,2.66,2.66,天天基金新成立基金 / AKShare,募集份额单位为亿份；按常见初始面值1元/份近似估算募集规模，非存续期每日净申购额
20260811,027714,华宝质量量化选股混合C,混合型-偏股,华宝基金,2.66,2.66,天天基金新成立基金 / AKShare,募集份额单位为亿份；按常见初始面值1元/份近似估算募集规模，非存续期每日净申购额
20260811,027775,鹏扬量化选股混合A,混合型-偏股,鹏扬基金,4.02,4.02,天天基金新成立基金 / AKShare,募集份额单位为亿份；按常见初始面值1元/份近似估算募集规模，非存续期每日净申购额
20260811,027776,鹏扬量化选股混合C,混合型-偏股,鹏扬基金,4.02,4.02,天天基金新成立基金 / AKShare,募集份额单位为亿份；按常见初始面值1元/份近似估算募集规模，非存续期每日净申购额
20260811,027941,上银慧泽双利债券A,债券型-混合二级,上银基金,2.69,2.69,天天基金新成立基金 / AKShare,募集份额单位为亿份；按常见初始面值1元/份近似估算募集规模，非存续期每日净申购额
20260811,027942,上银慧泽双利债券C,债券型-混合二级,上银基金,2.69,2.69,天天基金新成立基金 / AKShare,募集份额单位为亿份；按常见初始面值1元/份近似估算募集规模，非存续期每日净申购额
20260812,028295,民生加银添惠债券A,债券型-混合二级,民生加银基金,3.59,3.59,天天基金新成立基金 / AKShare,募集份额单位为亿份；按常见初始面值1元/份近似估算募集规模，非存续期每日净申购额
20260812,028296,民生加银添惠债券C,债券型-混合二级,民生加银基金,3.59,3.59,天天基金新成立基金 / AKShare,募集份额单位为亿份；按常见初始面值1元/份近似估算募集规模，非存续期每日净申购额
20260813,028670,易方达工业有色金属ETF联接A,指数型-股票,易方达基金,0.11,0.11,天天基金新成立基金 / AKShare,募集份额单位为亿份；按常见初始面值1元/份近似估算募集规模，非存续期每日净申购额
20260813,028671,易方达工业有色金属ETF联接C,指数型-股票,易方达基金,0.11,0.11,天天基金新成立基金 / AKShare,募集份额单位为亿份；按常见初始面值1元/份近似估算募集规模，非存续期每日净申购额
20260813,028700,招商恒生A股电网设备指数发起式A,指数型-股票,招商基金,0.1,0.1,天天基金新成立基金 / AKShare,募集份额单位为亿份；按常见初始面值1元/份近似估算募集规模，非存续期每日净申购额
20260813,028701,招商恒生A股电网设备指数发起式C,指数型-股票,招商基金,0.1,0.1,天天基金新成立基金 / AKShare,募集份额单位为亿份；按常见初始面值1元/份近似估算募集规模，非存续期每日净申购额
20260814,028585,华夏国证大盘价值ETF发起式联接A,指数型-股票,华夏基金,0.11,0.11,天天基金新成立基金 / AKShare,募集份额单位为亿份；按常见初始面值1元/份近似估算募集规模，非存续期每日净申购额
20260814,028586,华夏国证大盘价值ETF发起式联接C,指数型-股票,华夏基金,0.11,0.11,天天基金新成立基金 / AKShare,募集份额单位为亿份；按常见初始面值1元/份近似估算募集规模，非存续期每日净申购额
20260817,027305,中航新能源产业混合A,混合型-偏股,中航基金,2.38,2.38,天天基金新成立基金 / AKShare,募集份额单位为亿份；按常见初始面值1元/份近似估算募集规模，非存续期每日净申购额
20260817,027306,中航新能源产业混合C,混合型-偏股,中航基金,2.38,2.38,天天基金新成立基金 / AKShare,募集份额单位为亿份；按常见初始面值1元/份近似估算募集规模，非存续期每日净申购额
20260818,027281,招商北证50成份指数增强发起式A,指数型-股票,招商基金,4.3,4.3,天天基金新成立基金 / AKShare,募集份额单位为亿份；按常见初始面值1元/份近似估算募集规模，非存续期每日净申购额
20260818,027282,招商北证50成份指数增强发起式C,指数型-股票,招商基金,4.3,4.3,天天基金新成立基金 / AKShare,募集份额单位为亿份；按常见初始面值1元/份近似估算募集规模，非存续期每日净申购额
20260818,027334,建信新锐量化选股股票A,股票型,建信基金,2.78,2.78,天天基金新成立基金 / AKShare,募集份额单位为亿份；按常见初始面值1元/份近似估算募集规模，非存续期每日净申购额
20260818,027335,建信新锐量化选股股票C,股票型,建信基金,2.78,2.78,天天基金新成立基金 / AKShare,募集份额单位为亿份；按常见初始面值1元/份近似估算募集规模，非存续期每日净申购额
20260818,027526,鑫元医疗创新睿选混合发起式A,混合型-偏股,鑫元基金,0.1,0.1,天天基金新成立基金 / AKShare,募集份额单位为亿份；按常见初始面值1元/份近似估算募集规模，非存续期每日净申购额
20260818,027527,鑫元医疗创新睿选混合发起式C,混合型-偏股,鑫元基金,0.1,0.1,天天基金新成立基金 / AKShare,募集份额单位为亿份；按常见初始面值1元/份近似估算募集规模，非存续期每日净申购额
20260818,027534,中金趋势回报股票A,股票型,中金基金,3.89,3.89,天天基金新成立基金 / AKShare,募集份额单位为亿份；按常见初始面值1元/份近似估算募集规模，非存续期每日净申购额
20260818,027535,中金趋势回报股票C,股票型,中金基金,3.89,3.89,天天基金新成立基金 / AKShare,募集份额单位为亿份；按常见初始面值1元/份近似估算募集规模，非存续期每日净申购额
20260818,027650,东财农业智选混合发起式A,混合型-偏股,东财基金,0.14,0.14,天天基金新成立基金 / AKShare,募集份额单位为亿份；按常见初始面值1元/份近似估算募集规模，非存续期每日净申购额
20260818,027651,东财农业智选混合发起式C,混合型-偏股,东财基金,0.14,0.14,天天基金新成立基金 / AKShare,募集份额单位为亿份；按常见初始面值1元/份近似估算募集规模，非存续期每日净申购额
20260818,027786,国富港股通核心增益混合A,混合型-偏股,国海富兰克林,2.57,2.57,天天基金新成立基金 / AKShare,募集份额单位为亿份；按常见初始面值1元/份近似估算募集规模，非存续期每日净申购额
20260818,027787,国富港股通核心增益混合C,混合型-偏股,国海富兰克林,2.57,2.57,天天基金新成立基金 / AKShare,募集份额单位为亿份；按常见初始面值1元/份近似估算募集规模，非存续期每日净申购额
20260818,028225,贝莱德行业轮动量化选股股票A,股票型,贝莱德基金管,2.33,2.33,天天基金新成立基金 / AKShare,募集份额单位为亿份；按常见初始面值1元/份近似估算募集规模，非存续期每日净申购额
20260818,028226,贝莱德行业轮动量化选股股票C,股票型,贝莱德基金管,2.33,2.33,天天基金新成立基金 / AKShare,募集份额单位为亿份；按常见初始面值1元/份近似估算募集规模，非存续期每日净申购额
20260818,028319,华商永利债券A,债券型-混合二级,华商基金,3.04,3.04,天天基金新成立基金 / AKShare,募集份额单位为亿份；按常见初始面值1元/份近似估算募集规模，非存续期每日净申购额
20260818,028320,华商永利债券C,债券型-混合二级,华商基金,3.04,3.04,天天基金新成立基金 / AKShare,募集份额单位为亿份；按常见初始面值1元/份近似估算募集规模，非存续期每日净申购额
20260818,028579,鹏华中证全指公用事业ETF发起式联接A,指数型-股票,鹏华基金,0.1,0.1,天天基金新成立基金 / AKShare,募集份额单位为亿份；按常见初始面值1元/份近似估算募集规模，非存续期每日净申购额
20260818,028580,鹏华中证全指公用事业ETF发起式联接C,指数型-股票,鹏华基金,0.1,0.1,天天基金新成立基金 / AKShare,募集份额单位为亿份；按常见初始面值1元/份近似估算募集规模，非存续期每日净申购额
20260819,026503,百嘉中债1-5年政金债指数A,指数型-固收,百嘉基金,10.5,10.5,天天基金新成立基金 / AKShare,募集份额单位为亿份；按常见初始面值1元/份近似估算募集规模，非存续期每日净申购额
20260819,026550,百嘉中债1-5年政金债指数C,指数型-固收,百嘉基金,10.5,10.5,天天基金新成立基金 / AKShare,募集份额单位为亿份；按常见初始面值1元/份近似估算募集规模，非存续期每日净申购额
20260819,027972,金鹰丰誉混合A,混合型-偏债,金鹰基金,2.49,2.49,天天基金新成立基金 / AKShare,募集份额单位为亿份；按常见初始面值1元/份近似估算募集规模，非存续期每日净申购额
20260819,027974,金鹰丰誉混合C,混合型-偏债,金鹰基金,2.49,2.49,天天基金新成立基金 / AKShare,募集份额单位为亿份；按常见初始面值1元/份近似估算募集规模，非存续期每日净申购额
20260819,028393,景顺长城创业板新能源ETF联接A,指数型-股票,景顺长城基金,0.25,0.25,天天基金新成立基金 / AKShare,募集份额单位为亿份；按常见初始面值1元/份近似估算募集规模，非存续期每日净申购额
20260819,028394,景顺长城创业板新能源ETF联接C,指数型-股票,景顺长城基金,0.25,0.25,天天基金新成立基金 / AKShare,募集份额单位为亿份；按常见初始面值1元/份近似估算募集规模，非存续期每日净申购额
20260820,028406,万家景明红利量化选股股票发起式A,股票型,万家基金,0.1,0.1,天天基金新成立基金 / AKShare,募集份额单位为亿份；按常见初始面值1元/份近似估算募集规模，非存续期每日净申购额
20260820,028407,万家景明红利量化选股股票发起式C,股票型,万家基金,0.1,0.1,天天基金新成立基金 / AKShare,募集份额单位为亿份；按常见初始面值1元/份近似估算募集规模，非存续期每日净申购额
20260820,028520,前海开源中证全指软件开发指数A,指数型-股票,前海开源基金,2.54,2.54,天天基金新成立基金 / AKShare,募集份额单位为亿份；按常见初始面值1元/份近似估算募集规模，非存续期每日净申购额
20260820,028521,前海开源中证全指软件开发指数C,指数型-股票,前海开源基金,2.54,2.54,天天基金新成立基金 / AKShare,募集份额单位为亿份；按常见初始面值1元/份近似估算募集规模，非存续期每日净申购额
20260821,028247,华夏国证航天航空行业ETF联接A,指数型-股票,华夏基金,3.15,3.15,天天基金新成立基金 / AKShare,募集份额单位为亿份；按常见初始面值1元/份近似估算募集规模，非存续期每日净申购额
20260821,028248,华夏国证航天航空行业ETF联接C,指数型-股票,华夏基金,3.15,3.15,天天基金新成立基金 / AKShare,募集份额单位为亿份；按常见初始面值1元/份近似估算募集规模，非存续期每日净申购额
20260821,028378,浙商汇金沪港深医疗创新混合型发起式,混合型-偏股,浙商证券资管,1.45,1.45,天天基金新成立基金 / AKShare,募集份额单位为亿份；按常见初始面值1元/份近似估算募集规模，非存续期每日净申购额
20260821,028613,广发中证细分化工产业主题指数发起式A,指数型-股票,广发基金,0.11,0.11,天天基金新成立基金 / AKShare,募集份额单位为亿份；按常见初始面值1元/份近似估算募集规模，非存续期每日净申购额
20260821,028614,广发中证细分化工产业主题指数发起式C,指数型-股票,广发基金,0.11,0.11,天天基金新成立基金 / AKShare,募集份额单位为亿份；按常见初始面值1元/份近似估算募集规模，非存续期每日净申购额
20260825,027682,中邮臻享混合发起式A,混合型-偏债,中邮基金,0.54,0.54,天天基金新成立基金 / AKShare,募集份额单位为亿份；按常见初始面值1元/份近似估算募集规模，非存续期每日净申购额
20260825,027683,中邮臻享混合发起式C,混合型-偏债,中邮基金,0.54,0.54,天天基金新成立基金 / AKShare,募集份额单位为亿份；按常见初始面值1元/份近似估算募集规模，非存续期每日净申购额
20260825,027729,财通资管沪深300指数增强A,指数型-股票,财通资管,4.6,4.6,天天基金新成立基金 / AKShare,募集份额单位为亿份；按常见初始面值1元/份近似估算募集规模，非存续期每日净申购额
20260825,027730,财通资管沪深300指数增强C,指数型-股票,财通资管,4.6,4.6,天天基金新成立基金 / AKShare,募集份额单位为亿份；按常见初始面值1元/份近似估算募集规模，非存续期每日净申购额
20260825,027737,银华中证全指电力公用事业ETF发起式联接A,指数型-股票,银华基金,0.11,0.11,天天基金新成立基金 / AKShare,募集份额单位为亿份；按常见初始面值1元/份近似估算募集规模，非存续期每日净申购额
20260825,027738,银华中证全指电力公用事业ETF发起式联接C,指数型-股票,银华基金,0.11,0.11,天天基金新成立基金 / AKShare,募集份额单位为亿份；按常见初始面值1元/份近似估算募集规模，非存续期每日净申购额
20260826,028255,摩根新能源股票A,股票型,摩根基金(中,2.07,2.07,天天基金新成立基金 / AKShare,募集份额单位为亿份；按常见初始面值1元/份近似估算募集规模，非存续期每日净申购额
20260826,028256,摩根新能源股票C,股票型,摩根基金(中,2.07,2.07,天天基金新成立基金 / AKShare,募集份额单位为亿份；按常见初始面值1元/份近似估算募集规模，非存续期每日净申购额
20260826,028469,上银创业板综指增强发起式A,指数型-股票,上银基金,0.31,0.31,天天基金新成立基金 / AKShare,募集份额单位为亿份；按常见初始面值1元/份近似估算募集规模，非存续期每日净申购额
20260826,028470,上银创业板综指增强发起式C,指数型-股票,上银基金,0.31,0.31,天天基金新成立基金 / AKShare,募集份额单位为亿份；按常见初始面值1元/份近似估算募集规模，非存续期每日净申购额
20260827,027273,招商价值慧选混合发起式A,混合型-偏股,招商基金,0.11,0.11,天天基金新成立基金 / AKShare,募集份额单位为亿份；按常见初始面值1元/份近似估算募集规模，非存续期每日净申购额
20260827,027280,招商价值慧选混合发起式C,混合型-偏股,招商基金,0.11,0.11,天天基金新成立基金 / AKShare,募集份额单位为亿份；按常见初始面值1元/份近似估算募集规模，非存续期每日净申购额
20260827,027387,汇泉中债0-5年政金债A,指数型-固收,汇泉基金,2.0,2.0,天天基金新成立基金 / AKShare,募集份额单位为亿份；按常见初始面值1元/份近似估算募集规模，非存续期每日净申购额
20260827,027388,汇泉中债0-5年政金债C,指数型-固收,汇泉基金,2.0,2.0,天天基金新成立基金 / AKShare,募集份额单位为亿份；按常见初始面值1元/份近似估算募集规模，非存续期每日净申购额
20260828,028221,摩根恒生生物科技ETF发起式联接A,指数型-股票,摩根基金(中,0.26,0.26,天天基金新成立基金 / AKShare,募集份额单位为亿份；按常见初始面值1元/份近似估算募集规模，非存续期每日净申购额
20260828,028222,摩根恒生生物科技ETF发起式联接C,指数型-股票,摩根基金(中,0.26,0.26,天天基金新成立基金 / AKShare,募集份额单位为亿份；按常见初始面值1元/份近似估算募集规模，非存续期每日净申购额
20260828,028813,国泰海通消费服务睿选混合发起A,混合型-偏股,国泰海通资管,0.1,0.1,天天基金新成立基金 / AKShare,募集份额单位为亿份；按常见初始面值1元/份近似估算募集规模，非存续期每日净申购额
20260828,028814,国泰海通消费服务睿选混合发起C,混合型-偏股,国泰海通资管,0.1,0.1,天天基金新成立基金 / AKShare,募集份额单位为亿份；按常见初始面值1元/份近似估算募集规模，非存续期每日净申购额
20260831,027070,鹏安安弘债券A,债券型-混合二级,鹏安基金管理,2.54,2.54,天天基金新成立基金 / AKShare,募集份额单位为亿份；按常见初始面值1元/份近似估算募集规模，非存续期每日净申购额
20260831,027071,鹏安安弘债券C,债券型-混合二级,鹏安基金管理,2.54,2.54,天天基金新成立基金 / AKShare,募集份额单位为亿份；按常见初始面值1元/份近似估算募集规模，非存续期每日净申购额
20260831,028730,易方达创业板新能源ETF联接A,指数型-股票,易方达基金,2.37,2.37,天天基金新成立基金 / AKShare,募集份额单位为亿份；按常见初始面值1元/份近似估算募集规模，非存续期每日净申购额
20260831,028731,易方达创业板新能源ETF联接C,指数型-股票,易方达基金,2.37,2.37,天天基金新成立基金 / AKShare,募集份额单位为亿份；按常见初始面值1元/份近似估算募集规模，非存续期每日净申购额
20260901,027753,华安中证汽车零部件主题指数发起式A,指数型-股票,华安基金,0.1,0.1,天天基金新成立基金 / AKShare,募集份额单位为亿份；按常见初始面值1元/份近似估算募集规模，非存续期每日净申购额
20260901,027754,华安中证汽车零部件主题指数发起式C,指数型-股票,华安基金,0.1,0.1,天天基金新成立基金 / AKShare,募集份额单位为亿份；按常见初始面值1元/份近似估算募集规模，非存续期每日净申购额
20260901,028581,天弘中证稀有金属主题指数发起A,指数型-股票,天弘基金,0.11,0.11,天天基金新成立基金 / AKShare,募集份额单位为亿份；按常见初始面值1元/份近似估算募集规模，非存续期每日净申购额
20260901,028582,天弘中证稀有金属主题指数发起C,指数型-股票,天弘基金,0.11,0.11,天天基金新成立基金 / AKShare,募集份额单位为亿份；按常见初始面值1元/份近似估算募集规模，非存续期每日净申购额
20260902,026734,摩根恒生港股通50ETF联接A,指数型-股票,摩根基金(中,2.06,2.06,天天基金新成立基金 / AKShare,募集份额单位为亿份；按常见初始面值1元/份近似估算募集规模，非存续期每日净申购额
20260902,026735,摩根恒生港股通50ETF联接C,指数型-股票,摩根基金(中,2.06,2.06,天天基金新成立基金 / AKShare,募集份额单位为亿份；按常见初始面值1元/份近似估算募集规模，非存续期每日净申购额
20260902,028717,华泰柏瑞中证电池主题ETF发起式联接A,指数型-股票,华泰柏瑞基金,0.11,0.11,天天基金新成立基金 / AKShare,募集份额单位为亿份；按常见初始面值1元/份近似估算募集规模，非存续期每日净申购额
20260902,028718,华泰柏瑞中证电池主题ETF发起式联接C,指数型-股票,华泰柏瑞基金,0.11,0.11,天天基金新成立基金 / AKShare,募集份额单位为亿份；按常见初始面值1元/份近似估算募集规模，非存续期每日净申购额
20260903,028229,长城安瑞混合发起A,混合型-偏债,长城基金,0.33,0.33,天天基金新成立基金 / AKShare,募集份额单位为亿份；按常见初始面值1元/份近似估算募集规模，非存续期每日净申购额
20260903,028230,长城安瑞混合发起C,混合型-偏债,长城基金,0.33,0.33,天天基金新成立基金 / AKShare,募集份额单位为亿份；按常见初始面值1元/份近似估算募集规模，非存续期每日净申购额
20260903,028593,鹏华瑞衡稳健120天持有期债券A,债券型-混合二级,鹏华基金,9.26,9.26,天天基金新成立基金 / AKShare,募集份额单位为亿份；按常见初始面值1元/份近似估算募集规模，非存续期每日净申购额
20260903,028594,鹏华瑞衡稳健120天持有期债券C,债券型-混合二级,鹏华基金,9.26,9.26,天天基金新成立基金 / AKShare,募集份额单位为亿份；按常见初始面值1元/份近似估算募集规模，非存续期每日净申购额
20260904,028571,景顺长城中证全指证券公司ETF联接A,指数型-股票,景顺长城基金,0.2,0.2,天天基金新成立基金 / AKShare,募集份额单位为亿份；按常见初始面值1元/份近似估算募集规模，非存续期每日净申购额
20260904,028572,景顺长城中证全指证券公司ETF联接C,指数型-股票,景顺长城基金,0.2,0.2,天天基金新成立基金 / AKShare,募集份额单位为亿份；按常见初始面值1元/份近似估算募集规模，非存续期每日净申购额
20260904,028662,广发恒生A股电网设备ETF发起式联接A,指数型-股票,广发基金,0.39,0.39,天天基金新成立基金 / AKShare,募集份额单位为亿份；按常见初始面值1元/份近似估算募集规模，非存续期每日净申购额
20260904,028663,广发恒生A股电网设备ETF发起式联接C,指数型-股票,广发基金,0.39,0.39,天天基金新成立基金 / AKShare,募集份额单位为亿份；按常见初始面值1元/份近似估算募集规模，非存续期每日净申购额
20260907,028760,明亚远航智选混合A,混合型-偏股,明亚基金,4.55,4.55,天天基金新成立基金 / AKShare,募集份额单位为亿份；按常见初始面值1元/份近似估算募集规模，非存续期每日净申购额
20260907,028761,明亚远航智选混合C,混合型-偏股,明亚基金,4.55,4.55,天天基金新成立基金 / AKShare,募集份额单位为亿份；按常见初始面值1元/份近似估算募集规模，非存续期每日净申购额
20260908,028291,泰信周期轮动锐选混合发起式A,混合型-偏股,泰信基金,0.16,0.16,天天基金新成立基金 / AKShare,募集份额单位为亿份；按常见初始面值1元/份近似估算募集规模，非存续期每日净申购额
20260908,028292,泰信周期轮动锐选混合发起式C,混合型-偏股,泰信基金,0.16,0.16,天天基金新成立基金 / AKShare,募集份额单位为亿份；按常见初始面值1元/份近似估算募集规模，非存续期每日净申购额
20260908,028654,华泰柏瑞中证家居家电ETF发起式联接A,指数型-股票,华泰柏瑞基金,0.1,0.1,天天基金新成立基金 / AKShare,募集份额单位为亿份；按常见初始面值1元/份近似估算募集规模，非存续期每日净申购额
20260908,028655,华泰柏瑞中证家居家电ETF发起式联接C,指数型-股票,华泰柏瑞基金,0.1,0.1,天天基金新成立基金 / AKShare,募集份额单位为亿份；按常见初始面值1元/份近似估算募集规模，非存续期每日净申购额
20260908,028795,富国中证全指软件指数发起式A,指数型-股票,富国基金,0.16,0.16,天天基金新成立基金 / AKShare,募集份额单位为亿份；按常见初始面值1元/份近似估算募集规模，非存续期每日净申购额
20260908,028796,富国中证全指软件指数发起式C,指数型-股票,富国基金,0.16,0.16,天天基金新成立基金 / AKShare,募集份额单位为亿份；按常见初始面值1元/份近似估算募集规模，非存续期每日净申购额
20260908,028898,银华国证储能电池ETF发起式联接A,指数型-股票,银华基金,0.16,0.16,天天基金新成立基金 / AKShare,募集份额单位为亿份；按常见初始面值1元/份近似估算募集规模，非存续期每日净申购额
20260908,028899,银华国证储能电池ETF发起式联接C,指数型-股票,银华基金,0.16,0.16,天天基金新成立基金 / AKShare,募集份额单位为亿份；按常见初始面值1元/份近似估算募集规模，非存续期每日净申购额
20260909,027734,天弘上证科创板芯片指数A,指数型-股票,天弘基金,2.35,2.35,天天基金新成立基金 / AKShare,募集份额单位为亿份；按常见初始面值1元/份近似估算募集规模，非存续期每日净申购额
20260909,027735,天弘上证科创板芯片指数C,指数型-股票,天弘基金,2.35,2.35,天天基金新成立基金 / AKShare,募集份额单位为亿份；按常见初始面值1元/份近似估算募集规模，非存续期每日净申购额
20260909,027827,招商资管上证科创板综合指数增强发起A,指数型-股票,招商证券资管,0.77,0.77,天天基金新成立基金 / AKShare,募集份额单位为亿份；按常见初始面值1元/份近似估算募集规模，非存续期每日净申购额
20260909,027828,招商资管上证科创板综合指数增强发起C,指数型-股票,招商证券资管,0.77,0.77,天天基金新成立基金 / AKShare,募集份额单位为亿份；按常见初始面值1元/份近似估算募集规模，非存续期每日净申购额
20260910,028859,国泰海通中证港股通医疗主题指数发起A,指数型-股票,国泰海通资管,0.1,0.1,天天基金新成立基金 / AKShare,募集份额单位为亿份；按常见初始面值1元/份近似估算募集规模，非存续期每日净申购额
20260910,028860,国泰海通中证港股通医疗主题指数发起C,指数型-股票,国泰海通资管,0.1,0.1,天天基金新成立基金 / AKShare,募集份额单位为亿份；按常见初始面值1元/份近似估算募集规模，非存续期每日净申购额
20260911,028934,华夏中证港股通信息技术综合ETF发起式联接A,指数型-股票,华夏基金,0.11,0.11,天天基金新成立基金 / AKShare,募集份额单位为亿份；按常见初始面值1元/份近似估算募集规模，非存续期每日净申购额
20260911,028935,华夏中证港股通信息技术综合ETF发起式联接C,指数型-股票,华夏基金,0.11,0.11,天天基金新成立基金 / AKShare,募集份额单位为亿份；按常见初始面值1元/份近似估算募集规模，非存续期每日净申购额
20260915,028688,天弘中证全指电力公用事业ETF发起联接A,指数型-股票,天弘基金,0.11,0.11,天天基金新成立基金 / AKShare,募集份额单位为亿份；按常见初始面值1元/份近似估算募集规模，非存续期每日净申购额
20260915,028689,天弘中证全指电力公用事业ETF发起联接C,指数型-股票,天弘基金,0.11,0.11,天天基金新成立基金 / AKShare,募集份额单位为亿份；按常见初始面值1元/份近似估算募集规模，非存续期每日净申购额
20260915,028822,富国国证机器人产业ETF发起式联接A,指数型-股票,富国基金,0.34,0.34,天天基金新成立基金 / AKShare,募集份额单位为亿份；按常见初始面值1元/份近似估算募集规模，非存续期每日净申购额
20260915,028823,富国国证机器人产业ETF发起式联接C,指数型-股票,富国基金,0.34,0.34,天天基金新成立基金 / AKShare,募集份额单位为亿份；按常见初始面值1元/份近似估算募集规模，非存续期每日净申购额
20260916,029006,平安添鑫债券A,债券型-混合二级,平安基金,2.03,2.03,天天基金新成立基金 / AKShare,募集份额单位为亿份；按常见初始面值1元/份近似估算募集规模，非存续期每日净申购额
20260916,029007,平安添鑫债券C,债券型-混合二级,平安基金,2.03,2.03,天天基金新成立基金 / AKShare,募集份额单位为亿份；按常见初始面值1元/份近似估算募集规模，非存续期每日净申购额
20260917,027213,易方达中证全指食品ETF联接A,指数型-股票,易方达基金,2.18,2.18,天天基金新成立基金 / AKShare,募集份额单位为亿份；按常见初始面值1元/份近似估算募集规模，非存续期每日净申购额
20260917,027214,易方达中证全指食品ETF联接C,指数型-股票,易方达基金,2.18,2.18,天天基金新成立基金 / AKShare,募集份额单位为亿份；按常见初始面值1元/份近似估算募集规模，非存续期每日净申购额
20260917,028672,易方达恒生A股电网设备ETF联接A,指数型-股票,易方达基金,7.02,7.02,天天基金新成立基金 / AKShare,募集份额单位为亿份；按常见初始面值1元/份近似估算募集规模，非存续期每日净申购额
20260917,028673,易方达恒生A股电网设备ETF联接C,指数型-股票,易方达基金,7.02,7.02,天天基金新成立基金 / AKShare,募集份额单位为亿份；按常见初始面值1元/份近似估算募集规模，非存续期每日净申购额
20260917,029000,华夏中证全指家用电器ETF发起式联接A,指数型-股票,华夏基金,0.1,0.1,天天基金新成立基金 / AKShare,募集份额单位为亿份；按常见初始面值1元/份近似估算募集规模，非存续期每日净申购额
20260917,029001,华夏中证全指家用电器ETF发起式联接C,指数型-股票,华夏基金,0.1,0.1,天天基金新成立基金 / AKShare,募集份额单位为亿份；按常见初始面值1元/份近似估算募集规模，非存续期每日净申购额
20260918,028939,南方国证粮食产业ETF发起联接A,指数型-股票,南方基金,0.11,0.11,天天基金新成立基金 / AKShare,募集份额单位为亿份；按常见初始面值1元/份近似估算募集规模，非存续期每日净申购额
20260918,028940,南方国证粮食产业ETF发起联接C,指数型-股票,南方基金,0.11,0.11,天天基金新成立基金 / AKShare,募集份额单位为亿份；按常见初始面值1元/份近似估算募集规模，非存续期每日净申购额
20260921,028607,永赢中证全指证券公司指数A,指数型-股票,永赢基金,3.21,3.21,天天基金新成立基金 / AKShare,募集份额单位为亿份；按常见初始面值1元/份近似估算募集规模，非存续期每日净申购额
20260921,028608,永赢中证全指证券公司指数C,指数型-股票,永赢基金,3.21,3.21,天天基金新成立基金 / AKShare,募集份额单位为亿份；按常见初始面值1元/份近似估算募集规模，非存续期每日净申购额
