trade_date,margin_balance_trillion,total_market_cap_trillion,margin_to_market_cap_pct,source,note
20260424,2.712786066717,129.53115713706302,2.094311613264192,东方财富融资融券历史合计,两融余额/市场总市值 = 两融余额 ÷ A股总市值；两融来自东方财富历史合计，总市值优先沿用Choice或日度快照。
20260427,2.728530208429,129.959880557317,2.099517325445386,东方财富融资融券历史合计,两融余额/市场总市值 = 两融余额 ÷ A股总市值；两融来自东方财富历史合计，总市值优先沿用Choice或日度快照。
20260428,2.728436698193,129.39289730914902,2.108644875362938,东方财富融资融券历史合计,两融余额/市场总市值 = 两融余额 ÷ A股总市值；两融来自东方财富历史合计，总市值优先沿用Choice或日度快照。
20260429,2.732302217011,130.727767753874,2.090070276542323,东方财富融资融券历史合计,两融余额/市场总市值 = 两融余额 ÷ A股总市值；两融来自东方财富历史合计，总市值优先沿用Choice或日度快照。
20260430,2.715208487233,131.032125152157,2.0721700759108104,东方财富融资融券历史合计,两融余额/市场总市值 = 两融余额 ÷ A股总市值；两融来自东方财富历史合计，总市值优先沿用Choice或日度快照。
20260506,2.756712595521,132.936625966638,2.07370435008094,东方财富融资融券历史合计,两融余额/市场总市值 = 两融余额 ÷ A股总市值；两融来自东方财富历史合计，总市值优先沿用Choice或日度快照。
20260507,2.786436392025,133.845135927396,2.081836125547735,东方财富融资融券历史合计,两融余额/市场总市值 = 两融余额 ÷ A股总市值；两融来自东方财富历史合计，总市值优先沿用Choice或日度快照。
20260508,2.802501273707,133.884093066249,2.093229456557065,东方财富融资融券历史合计,两融余额/市场总市值 = 两融余额 ÷ A股总市值；两融来自东方财富历史合计，总市值优先沿用Choice或日度快照。
20260511,2.833857790591,135.645609362655,2.08916293266415,东方财富融资融券历史合计,两融余额/市场总市值 = 两融余额 ÷ A股总市值；两融来自东方财富历史合计，总市值优先沿用Choice或日度快照。
20260512,2.850744314103,135.120568585963,2.109778210627771,东方财富融资融券历史合计,两融余额/市场总市值 = 两融余额 ÷ A股总市值；两融来自东方财富历史合计，总市值优先沿用Choice或日度快照。
20260513,2.873945270713,136.372952495318,2.1074158901206377,东方财富融资融券历史合计,两融余额/市场总市值 = 两融余额 ÷ A股总市值；两融来自东方财富历史合计，总市值优先沿用Choice或日度快照。
20260514,2.882755007011,134.07846603126902,2.150050707127497,东方财富融资融券历史合计,两融余额/市场总市值 = 两融余额 ÷ A股总市值；两融来自东方财富历史合计，总市值优先沿用Choice或日度快照。
20260515,2.876460427504,132.96168404762,2.1633754476769416,东方财富融资融券历史合计,两融余额/市场总市值 = 两融余额 ÷ A股总市值；两融来自东方财富历史合计，总市值优先沿用Choice或日度快照。
20260518,2.892379831046,133.008606232852,2.174580963567459,东方财富融资融券历史合计,两融余额/市场总市值 = 两融余额 ÷ A股总市值；两融来自东方财富历史合计，总市值优先沿用Choice或日度快照。
20260519,2.897938493443,133.986782879348,2.1628540003475765,东方财富融资融券历史合计,两融余额/市场总市值 = 两融余额 ÷ A股总市值；两融来自东方财富历史合计，总市值优先沿用Choice或日度快照。
20260520,2.904939465937,133.793994982927,2.1712031741840803,东方财富融资融券历史合计,两融余额/市场总市值 = 两融余额 ÷ A股总市值；两融来自东方财富历史合计，总市值优先沿用Choice或日度快照。
20260521,2.896210904143,130.95348576814098,2.211633304111409,东方财富融资融券历史合计,两融余额/市场总市值 = 两融余额 ÷ A股总市值；两融来自东方财富历史合计，总市值优先沿用Choice或日度快照。
20260522,2.899151925961,132.762566374649,2.1837118738573835,东方财富融资融券历史合计,两融余额/市场总市值 = 两融余额 ÷ A股总市值；两融来自东方财富历史合计，总市值优先沿用Choice或日度快照。
20260525,2.92520877945,134.114229869078,2.1811322946905647,东方财富融资融券历史合计,两融余额/市场总市值 = 两融余额 ÷ A股总市值；两融来自东方财富历史合计，总市值优先沿用Choice或日度快照。
20260526,2.932629362443,133.720306196629,2.19310697518948,东方财富融资融券历史合计,两融余额/市场总市值 = 两融余额 ÷ A股总市值；两融来自东方财富历史合计，总市值优先沿用Choice或日度快照。
20260527,2.93666666971,132.050012997884,2.223904869859466,东方财富融资融券历史合计,两融余额/市场总市值 = 两融余额 ÷ A股总市值；两融来自东方财富历史合计，总市值优先沿用Choice或日度快照。
20260528,2.942402697453,132.638288683731,2.2183659987268114,东方财富融资融券历史合计,两融余额/市场总市值 = 两融余额 ÷ A股总市值；两融来自东方财富历史合计，总市值优先沿用Choice或日度快照。
20260529,2.912418160134,131.077990198728,2.2218971741315747,东方财富融资融券历史合计,两融余额/市场总市值 = 两融余额 ÷ A股总市值；两融来自东方财富历史合计，总市值优先沿用Choice或日度快照。
20260601,2.904302483979,130.384266295184,2.2274945946344418,东方财富融资融券历史合计,两融余额/市场总市值 = 两融余额 ÷ A股总市值；两融来自东方财富历史合计，总市值优先沿用Choice或日度快照。
20260602,2.905595251708,131.175732222174,2.215040238377901,东方财富融资融券历史合计,两融余额/市场总市值 = 两融余额 ÷ A股总市值；两融来自东方财富历史合计，总市值优先沿用Choice或日度快照。
20260603,2.914375514366,131.60324607033002,2.214516435870077,东方财富融资融券历史合计,两融余额/市场总市值 = 两融余额 ÷ A股总市值；两融来自东方财富历史合计，总市值优先沿用Choice或日度快照。
20260604,2.920686113684,130.914034490411,2.230995420050193,东方财富融资融券历史合计,两融余额/市场总市值 = 两融余额 ÷ A股总市值；两融来自东方财富历史合计，总市值优先沿用Choice或日度快照。
20260605,2.906688099505,129.591651349609,2.242959379893549,东方财富融资融券历史合计,两融余额/市场总市值 = 两融余额 ÷ A股总市值；两融来自东方财富历史合计，总市值优先沿用Choice或日度快照。
20260608,2.882895221196,126.889428805108,2.271974307350612,东方财富融资融券历史合计,两融余额/市场总市值 = 两融余额 ÷ A股总市值；两融来自东方财富历史合计，总市值优先沿用Choice或日度快照。
20260609,2.887275686085,128.93196976009,2.239379179157423,东方财富融资融券历史合计,两融余额/市场总市值 = 两融余额 ÷ A股总市值；两融来自东方财富历史合计，总市值优先沿用Choice或日度快照。
20260610,2.879114601496,127.669382677353,2.2551331737634537,东方财富融资融券历史合计,两融余额/市场总市值 = 两融余额 ÷ A股总市值；两融来自东方财富历史合计，总市值优先沿用Choice或日度快照。
20260611,2.873626097853,127.245434430063,2.258333362390625,东方财富融资融券历史合计,两融余额/市场总市值 = 两融余额 ÷ A股总市值；两融来自东方财富历史合计，总市值优先沿用Choice或日度快照。
20260612,2.873482273963,128.44241606838702,2.237175507842411,东方财富融资融券历史合计,两融余额/市场总市值 = 两融余额 ÷ A股总市值；两融来自东方财富历史合计，总市值优先沿用Choice或日度快照。
20260615,2.897938436116,131.069440693669,2.210994737430033,东方财富融资融券历史合计,两融余额/市场总市值 = 两融余额 ÷ A股总市值；两融来自东方财富历史合计，总市值优先沿用Choice或日度快照。
20260616,2.924861966559,131.318664777957,2.227301024956784,东方财富融资融券历史合计,两融余额/市场总市值 = 两融余额 ÷ A股总市值；两融来自东方财富历史合计，总市值优先沿用Choice或日度快照。
20260617,2.952886169592,132.01950589644,2.236704454801044,东方财富融资融券历史合计,两融余额/市场总市值 = 两融余额 ÷ A股总市值；两融来自东方财富历史合计，总市值优先沿用Choice或日度快照。
20260618,2.965511867332,131.838934121759,2.249344540811609,东方财富融资融券历史合计,两融余额/市场总市值 = 两融余额 ÷ A股总市值；两融来自东方财富历史合计，总市值优先沿用Choice或日度快照。
20260622,2.995031276856,134.119062558029,2.2331137869086626,东方财富融资融券历史合计,两融余额/市场总市值 = 两融余额 ÷ A股总市值；两融来自东方财富历史合计，总市值优先沿用Choice或日度快照。
20260623,3.000971239804,131.98565560528698,2.2737101437588265,东方财富融资融券历史合计,两融余额/市场总市值 = 两融余额 ÷ A股总市值；两融来自东方财富历史合计，总市值优先沿用Choice或日度快照。
20260624,3.01514929313,132.517616437486,2.275281863790819,东方财富融资融券历史合计,两融余额/市场总市值 = 两融余额 ÷ A股总市值；两融来自东方财富历史合计，总市值优先沿用Choice或日度快照。
20260625,3.032991749139,132.91617217528798,2.281883159514354,东方财富融资融券历史合计,两融余额/市场总市值 = 两融余额 ÷ A股总市值；两融来自东方财富历史合计，总市值优先沿用Choice或日度快照。
20260626,3.011961034065,129.782170928593,2.3207818242786225,东方财富融资融券历史合计,两融余额/市场总市值 = 两融余额 ÷ A股总市值；两融来自东方财富历史合计，总市值优先沿用Choice或日度快照。
20260629,3.003681403983,130.697430786562,2.298194682103752,东方财富融资融券历史合计,两融余额/市场总市值 = 两融余额 ÷ A股总市值；两融来自东方财富历史合计，总市值优先沿用Choice或日度快照。
20260630,3.020396491899,132.015451168521,2.287911350651969,东方财富融资融券历史合计,两融余额/市场总市值 = 两融余额 ÷ A股总市值；两融来自东方财富历史合计，总市值优先沿用Choice或日度快照。
20260701,3.030474237454,132.54409455768402,2.286389482358355,东方财富融资融券历史合计,两融余额/市场总市值 = 两融余额 ÷ A股总市值；两融来自东方财富历史合计，总市值优先沿用Choice或日度快照。
20260702,3.022896231933,129.87561115533398,2.327531863020496,东方财富融资融券历史合计,两融余额/市场总市值 = 两融余额 ÷ A股总市值；两融来自东方财富历史合计，总市值优先沿用Choice或日度快照。
20260703,3.003336934139,130.47522592050902,2.301844593830218,东方财富融资融券历史合计,两融余额/市场总市值 = 两融余额 ÷ A股总市值；两融来自东方财富历史合计，总市值优先沿用Choice或日度快照。
20260706,2.992613875973,129.870463164409,2.304306770804777,东方财富融资融券历史合计,两融余额/市场总市值 = 两融余额 ÷ A股总市值；两融来自东方财富历史合计，总市值优先沿用Choice或日度快照。
20260707,2.97901210768,128.155150472828,2.3245356091338856,东方财富融资融券历史合计,两融余额/市场总市值 = 两融余额 ÷ A股总市值；两融来自东方财富历史合计，总市值优先沿用Choice或日度快照。
20260708,2.959657079197,126.988807987311,2.330644035569446,东方财富融资融券历史合计,两融余额/市场总市值 = 两融余额 ÷ A股总市值；两融来自东方财富历史合计，总市值优先沿用Choice或日度快照。
20260709,2.956196187273,129.42748629235498,2.284055938933596,东方财富融资融券历史合计,两融余额/市场总市值 = 两融余额 ÷ A股总市值；两融来自东方财富历史合计，总市值优先沿用Choice或日度快照。
20260710,2.944773799912,128.066526258639,2.299409444404567,东方财富融资融券历史合计,两融余额/市场总市值 = 两融余额 ÷ A股总市值；两融来自东方财富历史合计，总市值优先沿用Choice或日度快照。
20260713,2.910195325727,124.836615445538,2.3312033215099617,东方财富融资融券历史合计,两融余额/市场总市值 = 两融余额 ÷ A股总市值；两融来自东方财富历史合计，总市值优先沿用Choice或日度快照。
20260714,2.89943913109,126.825052626703,2.2861722278359404,东方财富融资融券历史合计,两融余额/市场总市值 = 两融余额 ÷ A股总市值；两融来自东方财富历史合计，总市值优先沿用Choice或日度快照。
20260715,2.887495888072,126.212811480391,2.287799355868572,东方财富融资融券历史合计,两融余额/市场总市值 = 两融余额 ÷ A股总市值；两融来自东方财富历史合计，总市值优先沿用Choice或日度快照。
20260716,2.858155886773,124.12044925578,2.3027276358652906,东方财富融资融券历史合计,两融余额/市场总市值 = 两融余额 ÷ A股总市值；两融来自东方财富历史合计，总市值优先沿用Choice或日度快照。
20260717,2.776986684954,119.524338925126,2.3233650233310192,东方财富融资融券历史合计,两融余额/市场总市值 = 两融余额 ÷ A股总市值；两融来自东方财富历史合计，总市值优先沿用Choice或日度快照。
20260720,2.717577826346,119.89006413206,2.2667248082814964,东方财富融资融券历史合计,两融余额/市场总市值 = 两融余额 ÷ A股总市值；两融来自东方财富历史合计，总市值优先沿用Choice或日度快照。
20260721,2.718282342032,122.744797250154,2.21458049785372,东方财富融资融券历史合计,两融余额/市场总市值 = 两融余额 ÷ A股总市值；两融来自东方财富历史合计，总市值优先沿用Choice或日度快照。
20260722,2.719775188543,122.334771544747,2.223223335605915,东方财富融资融券历史合计,两融余额/市场总市值 = 两融余额 ÷ A股总市值；两融来自东方财富历史合计，总市值优先沿用Choice或日度快照。
20260723,2.710312723434,122.831634597295,2.206526626727547,东方财富融资融券历史合计,两融余额/市场总市值 = 两融余额 ÷ A股总市值；两融来自东方财富历史合计，总市值优先沿用Choice或日度快照。
20260724,2.687936306632,120.51638949699,2.2303491814274223,东方财富融资融券历史合计,两融余额/市场总市值 = 两融余额 ÷ A股总市值；两融来自东方财富历史合计，总市值优先沿用Choice或日度快照。
20260727,2.698570808805,105.9003089298592,2.548218070442401,东方财富融资融券历史合计,两融余额/市场总市值 = 两融余额 ÷ A股总市值；两融来自东方财富历史合计，总市值优先沿用Choice或日度快照。
20260728,2.660724349244,124.254519721325,2.141350153870787,上交所融资融券汇总 + 深交所融资融券汇总,上交所按元；深交所汇总接口按亿元转换；备用历史表按元。
20260730,2.598315631879,109.76645024823648,2.367130963972068,上交所融资融券汇总 + 深交所融资融券汇总,上交所按元；深交所汇总接口按亿元转换；备用历史表按元。
20260803,2.594343968109,110.89200501522689,2.3395230050649403,上交所融资融券汇总 + 深交所融资融券汇总,上交所按元；深交所汇总接口按亿元转换；备用历史表按元。
20260804,2.607052328679,44.480497804460654,5.861113200980309,深交所融资融券汇总 + 上海两融历史公开表,上交所按元；深交所汇总接口按亿元转换；备用历史表按元。
20260805,2.620188753755,44.49891822320132,5.8882077551019165,深交所融资融券汇总 + 上海两融历史公开表,上交所按元；深交所汇总接口按亿元转换；备用历史表按元。
20260806,2.631562572133,113.7204632232013,2.314062480529984,上交所融资融券汇总 + 深交所融资融券汇总,上交所按元；深交所汇总接口按亿元转换；备用历史表按元。
20260807,2.639258452207,45.41910389351109,5.810899436490344,深交所融资融券汇总 + 上海两融历史公开表,上交所按元；深交所汇总接口按亿元转换；备用历史表按元。
20260810,2.653832194533,45.25289004020918,5.864447977079372,深交所融资融券汇总 + 上海两融历史公开表,上交所按元；深交所汇总接口按亿元转换；备用历史表按元。
20260811,2.655000080022,115.2021265607431,2.304645026341668,上交所融资融券汇总 + 深交所融资融券汇总,上交所按元；深交所汇总接口按亿元转换；备用历史表按元。
20260812,2.664768633474,45.31858541134025,5.880079021193773,深交所融资融券汇总 + 上海两融历史公开表,上交所按元；深交所汇总接口按亿元转换；备用历史表按元。
20260813,2.667345492903,45.468262424605314,5.8663897643459455,深交所融资融券汇总 + 上海两融历史公开表,上交所按元；深交所汇总接口按亿元转换；备用历史表按元。
20260814,2.665500926549,117.1339669551985,2.275600319733475,上交所融资融券汇总 + 深交所融资融券汇总,上交所按元；深交所汇总接口按亿元转换；备用历史表按元。
20260817,2.684096209249,116.92673068941058,2.2955368660556283,上交所融资融券汇总 + 深交所融资融券汇总,上交所按元；深交所汇总接口按亿元转换；备用历史表按元。
