trade_date,market_score,risk_score,suggested_position_pct,risk_level,market_phase,style_signal,source
20260424,50.5,46.8,40.5,橙色,震荡期 / 橙色降风险,成长科技占优,二级市场投研框架自动评分
20260427,54.0,35.8,40.5,橙色,震荡期 / 橙色降风险,成长科技占优,二级市场投研框架自动评分
20260428,51.2,43.4,40.5,橙色,震荡期 / 橙色降风险,成长科技占优,二级市场投研框架自动评分
20260429,50.0,29.2,45.0,黄色,震荡期,成长科技占优,二级市场投研框架自动评分
20260430,50.0,34.4,45.0,黄色,震荡期,成长科技占优,二级市场投研框架自动评分
20260506,50.0,22.7,45.0,黄色,震荡期,成长科技占优,二级市场投研框架自动评分
20260507,50.0,29.6,45.0,黄色,震荡期,成长科技占优,二级市场投研框架自动评分
20260508,50.0,22.1,45.0,黄色,震荡期,成长科技占优,二级市场投研框架自动评分
20260511,50.0,33.2,45.0,黄色,震荡期,成长科技占优,二级市场投研框架自动评分
20260512,50.0,47.3,40.5,橙色,震荡期 / 橙色降风险,成长科技占优,二级市场投研框架自动评分
20260513,59.2,39.6,40.5,橙色,震荡期 / 橙色降风险,成长科技占优,二级市场投研框架自动评分
20260514,57.2,49.6,40.5,橙色,震荡期 / 橙色降风险,成长科技占优,二级市场投研框架自动评分
20260515,57.5,50.3,31.0,红色,震荡期 / 红色预警,成长科技占优,二级市场投研框架自动评分
20260518,58.7,48.3,40.5,橙色,震荡期 / 橙色降风险,成长科技占优,二级市场投研框架自动评分
20260519,60.6,32.6,45.0,黄色,震荡期,成长科技占优,二级市场投研框架自动评分
20260520,56.9,53.7,31.0,红色,震荡期 / 红色预警,成长科技占优,二级市场投研框架自动评分
20260521,56.7,48.7,40.5,橙色,震荡期 / 橙色降风险,成长科技占优,二级市场投研框架自动评分
20260522,60.7,37.0,40.5,橙色,震荡期 / 橙色降风险,成长科技占优,二级市场投研框架自动评分
20260525,57.3,46.4,40.5,橙色,震荡期 / 橙色降风险,成长科技占优,二级市场投研框架自动评分
20260526,56.5,51.2,31.0,红色,震荡期 / 红色预警,成长科技占优,二级市场投研框架自动评分
20260527,56.6,50.8,31.0,红色,震荡期 / 红色预警,成长科技占优,二级市场投研框架自动评分
20260528,58.6,39.4,40.5,橙色,震荡期 / 橙色降风险,成长科技占优,二级市场投研框架自动评分
20260529,57.1,50.4,31.0,红色,震荡期 / 红色预警,成长科技占优,二级市场投研框架自动评分
20260601,59.1,39.4,40.5,橙色,震荡期 / 橙色降风险,成长科技占优,二级市场投研框架自动评分
20260602,56.0,52.8,31.0,红色,震荡期 / 红色预警,成长科技占优,二级市场投研框架自动评分
20260603,51.9,51.3,31.0,红色,震荡期 / 红色预警,成长科技占优,二级市场投研框架自动评分
20260604,52.1,63.8,31.0,红色,震荡期 / 红色预警,成长科技占优,二级市场投研框架自动评分
20260605,53.2,51.4,31.0,红色,震荡期 / 红色预警,成长科技占优,二级市场投研框架自动评分
20260608,46.0,74.3,13.0,深红,防御期 / 深红防御优先,成长科技占优,二级市场投研框架自动评分
20260609,50.7,52.9,31.0,红色,震荡期 / 红色预警,成长科技占优,二级市场投研框架自动评分
20260610,44.9,73.6,13.0,深红,防御期 / 深红防御优先,均衡轮动,二级市场投研框架自动评分
20260611,45.9,68.4,19.0,红色,防御期 / 红色预警,成长科技占优,二级市场投研框架自动评分
20260612,49.1,50.0,24.5,橙色,防御期 / 橙色降风险,均衡轮动,二级市场投研框架自动评分
20260615,51.1,37.3,40.5,橙色,震荡期 / 橙色降风险,成长科技占优,二级市场投研框架自动评分
20260616,49.6,52.3,19.0,红色,防御期 / 红色预警,成长科技占优,二级市场投研框架自动评分
20260617,45.2,53.6,19.0,红色,防御期 / 红色预警,成长科技占优,二级市场投研框架自动评分
20260618,49.0,44.7,24.5,橙色,防御期 / 橙色降风险,成长科技占优,二级市场投研框架自动评分
20260622,50.4,46.3,40.5,橙色,震荡期 / 橙色降风险,成长科技占优,二级市场投研框架自动评分
20260623,45.7,58.8,19.0,红色,防御期 / 红色预警,成长科技占优,二级市场投研框架自动评分
20260624,48.6,58.3,19.0,红色,防御期 / 红色预警,成长科技占优,二级市场投研框架自动评分
20260625,50.7,52.0,31.0,红色,震荡期 / 红色预警,成长科技占优,二级市场投研框架自动评分
20260626,49.3,60.2,19.0,红色,防御期 / 红色预警,成长科技占优,二级市场投研框架自动评分
20260629,52.7,49.0,40.5,橙色,震荡期 / 橙色降风险,成长科技占优,二级市场投研框架自动评分
20260630,54.4,38.1,40.5,橙色,震荡期 / 橙色降风险,成长科技占优,二级市场投研框架自动评分
20260701,55.7,33.9,45.0,黄色,震荡期,成长科技占优,二级市场投研框架自动评分
20260702,50.0,51.7,31.0,红色,震荡期 / 红色预警,成长科技占优,二级市场投研框架自动评分
20260703,52.3,43.7,40.5,橙色,震荡期 / 橙色降风险,成长科技占优,二级市场投研框架自动评分
20260706,51.5,60.4,31.0,红色,震荡期 / 红色预警,成长科技占优,二级市场投研框架自动评分
20260707,52.8,61.1,31.0,红色,震荡期 / 红色预警,成长科技占优,二级市场投研框架自动评分
20260708,51.3,66.9,31.0,红色,震荡期 / 红色预警,成长科技占优,二级市场投研框架自动评分
20260709,53.5,51.1,31.0,红色,震荡期 / 红色预警,成长科技占优,二级市场投研框架自动评分
20260710,55.5,44.0,40.5,橙色,震荡期 / 橙色降风险,成长科技占优,二级市场投研框架自动评分
20260713,51.0,66.4,31.0,红色,震荡期 / 红色预警,成长科技占优,二级市场投研框架自动评分
20260714,51.7,45.0,40.5,橙色,震荡期 / 橙色降风险,成长科技占优,二级市场投研框架自动评分
20260715,50.5,49.0,40.5,橙色,震荡期 / 橙色降风险,成长科技占优,二级市场投研框架自动评分
20260716,45.4,68.8,19.0,红色,防御期 / 红色预警,均衡轮动,二级市场投研框架自动评分
20260717,47.0,81.5,13.0,深红,防御期 / 深红防御优先,大盘价值占优,二级市场投研框架自动评分
20260720,47.4,66.1,19.0,红色,防御期 / 红色预警,大盘价值占优,二级市场投研框架自动评分
20260721,47.1,61.7,19.0,红色,防御期 / 红色预警,均衡轮动,二级市场投研框架自动评分
20260722,43.7,76.8,13.0,深红,防御期 / 深红防御优先,大盘价值占优,二级市场投研框架自动评分
20260723,48.9,58.3,19.0,红色,防御期 / 红色预警,大盘价值占优,二级市场投研框架自动评分
20260724,46.0,74.6,13.0,深红,防御期 / 深红防御优先,大盘价值占优,二级市场投研框架自动评分
20260727,48.5,66.6,19.0,红色,防御期 / 红色预警,大盘价值占优,二级市场投研框架自动评分
20260728,48.6,64.5,19.0,红色,防御期 / 红色预警,大盘价值占优,二级市场投研框架自动评分
20260729,44.0,60.7,19.0,红色,防御期 / 红色预警,大盘价值占优,二级市场投研框架自动评分
20260731,44.5,64.4,19.0,红色,防御期 / 红色预警,大盘价值占优,二级市场投研框架自动评分
20260804,45.0,59.7,19.0,红色,防御期 / 红色预警,大盘价值占优,二级市场投研框架自动评分
20260805,44.5,66.6,19.0,红色,防御期 / 红色预警,大盘价值占优,二级市场投研框架自动评分
20260806,42.8,65.8,19.0,红色,防御期 / 红色预警,大盘价值占优,二级市场投研框架自动评分
20260807,43.0,67.8,19.0,红色,防御期 / 红色预警,大盘价值占优,二级市场投研框架自动评分
20260810,46.1,61.7,19.0,红色,防御期 / 红色预警,大盘价值占优,二级市场投研框架自动评分
20260811,41.7,72.0,13.0,深红,防御期 / 深红防御优先,大盘价值占优,二级市场投研框架自动评分
20260812,44.6,55.3,19.0,红色,防御期 / 红色预警,大盘价值占优,二级市场投研框架自动评分
20260813,41.0,70.8,13.0,深红,防御期 / 深红防御优先,大盘价值占优,二级市场投研框架自动评分
